{
  "settings": {
    "gconly": false,
    "autoview": false,
    "autojoin": false
  },
  "stickcmd": {},
  "groups": {
    "120363419126788947@g.us": {
      "antilinkgc": false,
      "antilinkall": false,
      "antipromosi": false,
      "antibadword": false,
      "antiimage": false,
      "antivideo": false,
      "antisticker": false,
      "welcome": true,
      "goodbye": false,
      "welcomeText": "On",
      "goodbyeText": "hai"
    },
    "120363421241019309@g.us": {
      "antilinkgc": false,
      "antilinkall": false,
      "antipromosi": false,
      "antibadword": false,
      "antiimage": false,
      "antivideo": false,
      "antisticker": true,
      "welcome": true,
      "goodbye": true,
      "goodbyeText": "wok",
      "welcomeText": "on",
      "closetime": 1757863506187,
      "antitagsw": true
    },
    "120363405525130344@g.us": {
      "antilinkgc": true,
      "antilinkall": false,
      "antipromosi": false,
      "antibadword": false,
      "antiimage": false,
      "antivideo": false,
      "antisticker": false,
      "welcome": true,
      "goodbye": true,
      "welcomeText": "anjayy",
      "goodbyeText": "halo"
    },
    "120363402187500331@g.us": {
      "antilinkgc": false,
      "antilinkall": false,
      "antipromosi": true,
      "antibadword": true,
      "antiimage": true,
      "antivideo": true,
      "antisticker": false,
      "welcome": false,
      "goodbye": false,
      "antitagsw": true
    },
    "120363404300081413@g.us": {
      "antilinkgc": false,
      "antilinkall": false,
      "antipromosi": false,
      "antibadword": true,
      "antiimage": false,
      "antivideo": true,
      "antisticker": false,
      "welcome": false,
      "goodbye": false,
      "antitagsw": true
    },
    "120363404087106212@g.us": {
      "antilinkgc": false,
      "antilinkall": true,
      "antipromosi": false,
      "antibadword": false,
      "antiimage": false,
      "antivideo": false,
      "antisticker": false,
      "welcome": true,
      "goodbye": false,
      "antitagsw": true,
      "welcomeText": "HAI ORANG-ORANG KONTOL"
    },
    "120363420517385834@g.us": {
      "antilinkgc": false,
      "antilinkall": false,
      "antipromosi": false,
      "antibadword": false,
      "antiimage": true,
      "antivideo": false,
      "antisticker": false,
      "welcome": true,
      "goodbye": true,
      "welcomeText": "@user halo",
      "goodbyeText": "babay"
    },
    "120363404098756460@g.us": {
      "antilinkgc": false,
      "antilinkall": false,
      "antipromosi": false,
      "antibadword": false,
      "antiimage": false,
      "antivideo": false,
      "antisticker": false,
      "welcome": true,
      "goodbye": true,
      "welcomeText": "Welcome @user",
      "goodbyeText": "@user Sayonara @group",
      "antitagsw": true
    }
  }
}